env,method,fqe_mean,fqe_std,fqe_count,ood_mean_mean,ood_mean_std,ood_mean_count,ood_p50_mean,ood_p50_std,ood_p50_count,ood_p90_mean,ood_p90_std,ood_p90_count,ood_p95_mean,ood_p95_std,ood_p95_count
hopper-medium-replay-v2,bc,96.73433333333332,3.601807370381342,3,0.2832492887973785,0.0,3,0.2547197490930557,0.0,3,0.49759708940982844,0.0,3,0.5860544472932815,0.0,3
hopper-medium-replay-v2,td3bc_u,99.12533333333333,1.501271572145871,3,0.3018348813056946,0.0,3,0.2754299342632293,0.0,3,0.5174971520900727,0.0,3,0.6035881608724593,0.0,3
walker2d-medium-v2,bc,285.607,,1,0.2525100409984588,,1,0.2280128300189972,,1,0.4012269079685211,,1,0.4852739408612247,,1
walker2d-medium-v2,td3bc_u,292.82133333333335,48.84615926042437,3,0.2704,0.002026598099295331,3,0.24643333333333334,0.002203019125246446,3,0.42156666666666663,0.002254286501501989,3,0.504,0.0028021326941383956,3