env,method,fqe_mean,fqe_std,fqe_count,ood_mean_mean,ood_mean_std,ood_mean_count,ood_p50_mean,ood_p50_std,ood_p50_count,ood_p90_mean,ood_p90_std,ood_p90_count,ood_p95_mean,ood_p95_std,ood_p95_count
hopper-medium-replay-v2,bc,98.94773610432942,5.308846725127002,3,0.2855570713678996,0.00374854656161279,3,0.2575730582078298,0.004547533990708182,3,0.5006217678387962,0.004499884256010349,3,0.5886387666066485,0.004032074289004014,3
hopper-medium-replay-v2,iql,123.431396484375,22.074682452765515,3,0.8102430105209351,0.02805356595424181,3,0.8424707551797231,0.029935261705939128,3,1.2154353896776835,0.05214424598534911,3,1.3123172958691915,0.05700272520691564,3
hopper-medium-replay-v2,iql_u,122.95999908447266,18.57162044551988,3,0.7764973243077596,0.013077613590049846,3,0.7944855093955994,0.0055775265957734785,3,1.1797986666361495,0.042136425875996725,3,1.271788700421651,0.05171778407965802,3
hopper-medium-replay-v2,td3bc_u,104.42457834879558,9.165184594285037,3,0.29781466722488403,0.002528141384134098,3,0.27192779382069904,0.002761087154040449,3,0.5135972340901693,0.0008720654721855582,3,0.5997829775015513,0.000560532730641287,3
walker2d-medium-v2,bc,277.20436604817706,8.273215665329488,3,0.2606416841348012,0.007107716204234732,3,0.23445925116539001,0.005664448036634865,3,0.4155993481477102,0.01256477355133755,3,0.5042045995593069,0.01645099875498627,3
walker2d-medium-v2,iql,311.1841125488281,30.784641852278444,3,0.2549285093943278,0.001615137724424954,3,0.23120761662721634,0.0008227981074165168,3,0.4148087829351425,0.0030480055525918858,3,0.4988561362028121,0.0034966399253210626,3
walker2d-medium-v2,iql_u,281.8967590332031,31.654467116205446,3,0.2502490480740865,0.0014198697295792393,3,0.22517757614453635,0.0013249133495409982,3,0.40406926969687146,0.0014080634362523712,3,0.4876863166689871,0.0022392149220028757,3
walker2d-medium-v2,td3bc_u,292.82147216796875,48.84610487924553,3,0.2738272746404012,0.007678918979613744,3,0.2491072192788124,0.006676490825564807,3,0.4282762517531713,0.013195200686882545,3,0.512424004077911,0.016690745879025803,3
